Barcode;FirstName;LastName;IsActive
10001;test;test;1
10002;test21;test21;1
10003;test22;test22;1
10004;test23;test23;1
10005;test24;test24;1
10006;test25;test25;1
10007;test26;test26;1
10008;test27;test27;1
10009;test28;test28;1
10010;test29;test29;1
10011;test30;test30;1
10012;test31;test31;1
10013;test32;test32;0
10014;test33;test33;1
10015;test34;test34;1
10016;test35;test35;1
10017;test36;test36;1
10018;test37;test37;1
10019;test38;test38;1
10020;test39;test39;1
10021;test40;test40;1
10022;test41;test41;1
10023;test42;test42;1
10024;test43;test43;1
10025;test44;test44;1
10026;test45;test45;1
10027;test46;test46;1
10028;test47;test47;1
10029;test48;test48;1
10030;test49;test49;0
20001;test50;test50;1
20002;test51;test51;1
20003;test52;test52;1
20004;test53;test53;1
20005;test54;;1
20006;;;1
20007;;;1
20008;;;1
20009;;;1
20010;;;1
20011;;;1
20012;;;1
20013;;;1
20014;;;1
20015;;;1
20016;;;1
20017;;;1
20018;;;1
20019;;;1
20020;;;1
20021;;;1
20022;;;1
20023;;;1
20024;;;1
20025;;;1
20026;;;1
20027;;;1
20028;;;1
20029;;;1
20030;;;1
30001;;;1
30002;;;1
30003;;;1
30004;;;1
30005;;;1
30006;;;1
30007;;;1
30008;;;1
30009;;;1
30010;;;1
30011;;;1
30012;;;1
30013;;;1
30014;;;1
30015;;;1
30016;;;1
30017;;;1
30018;;;1
30019;;;1
30020;;;1
30021;;;1
30022;;;1
30023;;;1
30024;;;1
30025;;;1
30026;;;1
30027;;;1
30028;;;1
30029;;;1
30030;;;1
40001;;;1
40002;;;1
40003;;;1
40004;;;1
40005;;;1
40006;;;1
40007;;;1
40008;;;1
40009;;;1
40010;;;1
40011;;;1
40012;;;1
40013;;;1
40014;;;1
40015;;;1
40016;;;1
40017;;;1
40018;;;1
40019;;;1
40020;;;1
40021;;;1
40022;;;1
40023;;;1
40024;;;1
40025;;;1
40026;;;1
40027;;;1
40028;;;1
40029;;;1
40030;;;1
